Fold,Model,Accuracy,MacroF1,MacroAUC
1,rf,1,1,1
2,rf,1,1,1
3,rf,0.9642857142857143,0.9644444444444444,0.9965217391304347
4,rf,0.9629629629629629,0.9314285714285714,1
5,rf,1,1,1
