Model,Accuracy,F1,AUC
nnet,0.9456833536833537,0.9515622238099019,0.9994673721340388
rf,0.9854497354497355,0.9791746031746031,0.9993043478260869
xgbTree,0.9851648351648352,0.982984126984127,1
