"Method","Strategy","MeanAcc","SDAcc"
"pca","Weighted",0.989838556505223,0.0227083493269416
"pca","SMOTE",0.987148148148148,0.0188486187599866
