"Method","Strategy","MeanAcc","SDAcc"
"pca","Weighted",0.948341744675078,0.0628404189764432
"pca","SMOTE",0.935923890923891,0.0310429806150046
