"Method","Strategy","MeanAcc","SDAcc"
"pca","Weighted",0.94631339031339,0.0519811757451022
"pca","SMOTE",0.956327363994031,0.0319271550938617
