"Method","Strategy","MeanAcc","SDAcc"
"pca","Weighted",0.920752136752137,0.0440149625478218
"pca","SMOTE",0.882984262650929,0.058913875451871
