"Method","Strategy","MeanAcc","SDAcc"
"pca","Weighted",0.982336182336182,0.0243645075080096
"pca","SMOTE",0.982036087369421,0.0289079840357067
